{"cameraMode":{"drawMode":0,"name":"Shaded","section":"Shading Mode"},"sceneLighting":false,"audioPlay":false,"sceneViewState":{"showFog":true,"showMaterialUpdate":false,"showSkybox":true,"showFlares":true,"showImageEffects":true,"showParticleSystems":true},"in2DMode":false,"pivot":{"x":-2.4431002140045168,"y":-3.535604476928711,"z":-0.48419189453125},"rotation":{"x":-0.045293621718883517,"y":0.008088669739663601,"z":-0.0003668378631118685,"w":-0.9989409446716309},"size":25.387012481689454,"orthographic":false}