{"cameraMode":{"drawMode":0,"name":"Shaded","section":"Shading Mode"},"sceneLighting":true,"audioPlay":false,"sceneViewState":{"showFog":true,"showMaterialUpdate":false,"showSkybox":true,"showFlares":true,"showImageEffects":true,"showParticleSystems":true},"in2DMode":false,"pivot":{"x":-5.751633644104004,"y":-2.1517529487609865,"z":-0.5477733612060547},"rotation":{"x":0.01918516494333744,"y":-0.020397525280714036,"z":-0.00039145868504419923,"w":-0.9996078014373779},"size":3.156799554824829,"orthographic":false}